{
    "name": "Global Information",
    "numberOfRequests": {
        "total": 14905,
        "ok": 3769,
        "ko": 11136
    },
    "minResponseTime": {
        "total": 98,
        "ok": 98,
        "ko": 10000
    },
    "maxResponseTime": {
        "total": 79204,
        "ok": 77823,
        "ko": 79204
    },
    "meanResponseTime": {
        "total": 30263,
        "ok": 13670,
        "ko": 35879
    },
    "standardDeviation": {
        "total": 24006,
        "ok": 14785,
        "ko": 23930
    },
    "percentiles1": {
        "total": 22287,
        "ok": 7065,
        "ko": 31585
    },
    "percentiles2": {
        "total": 60000,
        "ok": 23460,
        "ko": 60001
    },
    "percentiles3": {
        "total": 60001,
        "ok": 40163,
        "ko": 60002
    },
    "percentiles4": {
        "total": 60006,
        "ok": 59682,
        "ko": 60006
    },
    "group1": {
    "name": "t < 800 ms",
    "count": 652,
    "percentage": 4
},
    "group2": {
    "name": "800 ms < t < 1200 ms",
    "count": 195,
    "percentage": 1
},
    "group3": {
    "name": "t > 1200 ms",
    "count": 2922,
    "percentage": 20
},
    "group4": {
    "name": "failed",
    "count": 11136,
    "percentage": 75
},
    "meanNumberOfRequestsPerSecond": {
        "total": 107.23021582733813,
        "ok": 27.115107913669064,
        "ko": 80.11510791366906
    }
}