{
    "name": "Global Information",
    "numberOfRequests": {
        "total": 20170,
        "ok": 15377,
        "ko": 4793
    },
    "minResponseTime": {
        "total": 64,
        "ok": 64,
        "ko": 10000
    },
    "maxResponseTime": {
        "total": 66500,
        "ok": 66500,
        "ko": 60018
    },
    "meanResponseTime": {
        "total": 25504,
        "ok": 21831,
        "ko": 37290
    },
    "standardDeviation": {
        "total": 20081,
        "ok": 16870,
        "ko": 24529
    },
    "percentiles1": {
        "total": 20235,
        "ok": 18928,
        "ko": 60000
    },
    "percentiles2": {
        "total": 41457,
        "ok": 35908,
        "ko": 60001
    },
    "percentiles3": {
        "total": 60001,
        "ok": 52024,
        "ko": 60002
    },
    "percentiles4": {
        "total": 60002,
        "ok": 58572,
        "ko": 60010
    },
    "group1": {
    "name": "t < 800 ms",
    "count": 946,
    "percentage": 5
},
    "group2": {
    "name": "800 ms < t < 1200 ms",
    "count": 356,
    "percentage": 2
},
    "group3": {
    "name": "t > 1200 ms",
    "count": 14075,
    "percentage": 70
},
    "group4": {
    "name": "failed",
    "count": 4793,
    "percentage": 24
},
    "meanNumberOfRequestsPerSecond": {
        "total": 145.10791366906474,
        "ok": 110.62589928057554,
        "ko": 34.48201438848921
    }
}