{
    "name": "Global Information",
    "numberOfRequests": {
        "total": 20906,
        "ok": 3518,
        "ko": 17388
    },
    "minResponseTime": {
        "total": 103,
        "ok": 103,
        "ko": 10000
    },
    "maxResponseTime": {
        "total": 60024,
        "ok": 53364,
        "ko": 60024
    },
    "meanResponseTime": {
        "total": 18544,
        "ok": 5716,
        "ko": 21139
    },
    "standardDeviation": {
        "total": 19150,
        "ok": 5550,
        "ko": 19867
    },
    "percentiles1": {
        "total": 10001,
        "ok": 6228,
        "ko": 10001
    },
    "percentiles2": {
        "total": 10048,
        "ok": 9500,
        "ko": 28993
    },
    "percentiles3": {
        "total": 60001,
        "ok": 13114,
        "ko": 60001
    },
    "percentiles4": {
        "total": 60002,
        "ok": 21397,
        "ko": 60002
    },
    "group1": {
    "name": "t < 800 ms",
    "count": 953,
    "percentage": 5
},
    "group2": {
    "name": "800 ms < t < 1200 ms",
    "count": 262,
    "percentage": 1
},
    "group3": {
    "name": "t > 1200 ms",
    "count": 2303,
    "percentage": 11
},
    "group4": {
    "name": "failed",
    "count": 17388,
    "percentage": 83
},
    "meanNumberOfRequestsPerSecond": {
        "total": 215.5257731958763,
        "ok": 36.2680412371134,
        "ko": 179.2577319587629
    }
}